type,key,count,paths
same_basename,settings.json,3,.claude/settings.json | .cursor/settings.json | .vscode/settings.json
same_basename,.gitignore,2,.gitignore | google-cloud-sdk/platform/gsutil/third_party/urllib3/.gitignore
same_basename,.pre-commit-config.yaml,2,.pre-commit-config.yaml | google-cloud-sdk/platform/gsutil/third_party/urllib3/.pre-commit-config.yaml
same_basename,tasks.json,2,.vscode/tasks.json | agent_memory/tasks.json
same_basename,README.md,22,README.md | dashboard/README.md | docs/ultra_micro/README.md | reports/ci_truth/README.md | reports/latest/analyzer_paper_lifecycle_proof/README.md | reports/latest/auto_recovery_blockers/README.md | reports/latest/dashboard_endpoint_coverage/README.md | reports/latest/dashboard_truth_proof/README.md | reports/latest/dashboard_ultra_readiness/README.md | reports/latest/deployment_and_endpoint_proof/README.md | reports/latest/entrypoint_classification/README.md | reports/latest/external_data_yahoo/README.md | reports/latest/fresh_data_automation_proof/README.md | reports/latest/full_repo_verification/README.md | reports/latest/model_training_load_proof/README.md | reports/latest/production_grade_readiness/README.md | reports/latest/proof_status_matrix/README.md | reports/latest/recent_backtest_walkforward_proof/README.md | reports/latest/render_endpoint_proof/README.md | reports/latest/repo_authority_and_duplicate_control/README.md | reports/latest/safety_and_secrets/README.md | reports/latest/system3_master_control_plane/README.md
same_basename,ai_scan.txt,2,ai_scan.txt | archive/root_clutter/ai_scan.txt
same_basename,COMPLETE_VALIDATION_REPORT.md,2,archive/root_clutter/COMPLETE_VALIDATION_REPORT.md | docs/COMPLETE_VALIDATION_REPORT.md
same_basename,start_backend.bat,2,archive/root_clutter/start_backend.bat | scripts/start_backend.bat
same_basename,system3_phase331_signal_integrity.py,2,archive/root_clutter/system3_phase331_signal_integrity.py | core/engine/system3_phase331_signal_integrity.py
same_basename,test_phases_261_300.py,2,archive/root_clutter/test_phases_261_300.py | tests/auto/system3_generated_tests/test_phases_261_300.py
same_basename,__init__.py,96,config/__init__.py | core/__init__.py | core/broker/__init__.py | core/brokers/__init__.py | core/brokers/dhan/__init__.py | core/data/__init__.py | core/engine/__init__.py | core/engine/ai_model/__init__.py | core/engine/breakout_model/__init__.py | core/engine/entry_exit_engine/__init__.py | core/engine/greeks_engine/__init__.py | core/engine/momentum_model/__init__.py | core/engine/scoring_engine/__init__.py | core/engine/trend_model/__init__.py | core/engine/volatility_model/__init__.py | core/execution/__init__.py | core/geni/__init__.py | core/models/__init__.py | core/monitoring/__init__.py | core/tools/__init__.py | core/ultra/__init__.py | core/utils/__init__.py | core/validation/__init__.py | google-cloud-sdk/lib/googlecloudsdk/api_lib/storage/__init__.py | google-cloud-sdk/lib/googlecloudsdk/api_lib/storage/gcs_grpc/__init__.py | google-cloud-sdk/lib/googlecloudsdk/api_lib/storage/gcs_grpc_bidi_streaming/__init__.py | google-cloud-sdk/lib/googlecloudsdk/api_lib/storage/gcs_json/__init__.py | google-cloud-sdk/lib/googlecloudsdk/api_lib/storage/gcs_xml/__init__.py | google-cloud-sdk/lib/googlecloudsdk/api_lib/storage/insights/__init__.py | google-cloud-sdk/lib/googlecloudsdk/api_lib/storage/s3_xml/__init__.py | google-cloud-sdk/lib/googlecloudsdk/command_lib/logs/__init__.py | google-cloud-sdk/lib/googlecloudsdk/command_lib/storage/__init__.py | google-cloud-sdk/lib/googlecloudsdk/command_lib/storage/batch_operations/__init__.py | google-cloud-sdk/lib/googlecloudsdk/command_lib/storage/batch_operations/jobs/__init__.py | google-cloud-sdk/lib/googlecloudsdk/command_lib/storage/diagnose/__init__.py | google-cloud-sdk/lib/googlecloudsdk/command_lib/storage/insights/__init__.py | google-cloud-sdk/lib/googlecloudsdk/command_lib/storage/insights/dataset_configs/__init__.py | google-cloud-sdk/lib/googlecloudsdk/command_lib/storage/insights/inventory_reports/__init__.py | google-cloud-sdk/lib/googlecloudsdk/command_lib/storage/resources/__init__.py | google-cloud-sdk/lib/googlecloudsdk/command_lib/storage/tasks/__init__.py | google-cloud-sdk/lib/googlecloudsdk/command_lib/storage/tasks/buckets/__init__.py | google-cloud-sdk/lib/googlecloudsdk/command_lib/storage/tasks/buckets/anywhere_caches/__init__.py | google-cloud-sdk/lib/googlecloudsdk/command_lib/storage/tasks/buckets/notifications/__init__.py | google-cloud-sdk/lib/googlecloudsdk/command_lib/storage/tasks/cat/__init__.py | google-cloud-sdk/lib/googlecloudsdk/command_lib/storage/tasks/cp/__init__.py | google-cloud-sdk/lib/googlecloudsdk/command_lib/storage/tasks/ls/__init__.py | google-cloud-sdk/lib/googlecloudsdk/command_lib/storage/tasks/objects/__init__.py | google-cloud-sdk/lib/googlecloudsdk/command_lib/storage/tasks/rm/__init__.py | google-cloud-sdk/lib/googlecloudsdk/generated_clients/apis/storage/__init__.py | google-cloud-sdk/lib/googlecloudsdk/generated_clients/apis/storage/v1/__init__.py
same_basename,kill_switch.json,2,config/kill_switch.json | kill_switch.json
same_basename,runtime_flags.json,2,config/runtime_flags.json | runtime_flags.json
same_basename,system3_config.json,2,config/system3_config.json | core/engine/config/system3_config.json
same_basename,ensemble_predictor.py,2,core/engine/ensemble_predictor.py | src/ml/ensemble_predictor.py
same_basename,greeks_calculator.py,2,core/engine/greeks_engine/greeks_calculator.py | dashboard/backend/greeks_calculator.py
same_basename,app.py,2,dashboard/app.py | dashboard/backend/app.py
same_basename,requirements.txt,2,dashboard/backend/requirements.txt | requirements.txt
same_basename,index.html,3,dashboard/frontend/index.html | dashboard/index.html | reports/model_benchmark_dashboard/index.html
same_basename,package-lock.json,3,dashboard/frontend/package-lock.json | desktop_app/package-lock.json | package-lock.json
same_basename,package.json,3,dashboard/frontend/package.json | desktop_app/package.json | package.json
same_basename,errors.py,2,google-cloud-sdk/lib/googlecloudsdk/api_lib/storage/errors.py | google-cloud-sdk/lib/googlecloudsdk/command_lib/storage/errors.py
same_basename,client.py,7,google-cloud-sdk/lib/googlecloudsdk/api_lib/storage/gcs_grpc/client.py | google-cloud-sdk/lib/googlecloudsdk/api_lib/storage/gcs_grpc_bidi_streaming/client.py | google-cloud-sdk/lib/googlecloudsdk/api_lib/storage/gcs_json/client.py | google-cloud-sdk/lib/googlecloudsdk/api_lib/storage/gcs_xml/client.py | google-cloud-sdk/lib/googlecloudsdk/api_lib/storage/s3_xml/client.py | google-cloud-sdk/lib/googlecloudsdk/generated_clients/gapic_clients/storage_v2/services/storage/client.py | google-cloud-sdk/lib/googlecloudsdk/generated_clients/gapic_wrappers/storage/v2/client.py
same_basename,download.py,3,google-cloud-sdk/lib/googlecloudsdk/api_lib/storage/gcs_grpc/download.py | google-cloud-sdk/lib/googlecloudsdk/api_lib/storage/gcs_grpc_bidi_streaming/download.py | google-cloud-sdk/lib/googlecloudsdk/api_lib/storage/gcs_json/download.py
same_basename,metadata_util.py,3,google-cloud-sdk/lib/googlecloudsdk/api_lib/storage/gcs_grpc/metadata_util.py | google-cloud-sdk/lib/googlecloudsdk/api_lib/storage/gcs_json/metadata_util.py | google-cloud-sdk/lib/googlecloudsdk/api_lib/storage/metadata_util.py
same_basename,retry_util.py,3,google-cloud-sdk/lib/googlecloudsdk/api_lib/storage/gcs_grpc/retry_util.py | google-cloud-sdk/lib/googlecloudsdk/api_lib/storage/gcs_grpc_bidi_streaming/retry_util.py | google-cloud-sdk/lib/googlecloudsdk/api_lib/storage/retry_util.py
same_basename,upload.py,3,google-cloud-sdk/lib/googlecloudsdk/api_lib/storage/gcs_grpc/upload.py | google-cloud-sdk/lib/googlecloudsdk/api_lib/storage/gcs_grpc_bidi_streaming/upload.py | google-cloud-sdk/lib/googlecloudsdk/api_lib/storage/gcs_json/upload.py
same_basename,read.py,10,google-cloud-sdk/lib/googlecloudsdk/command_lib/logs/read.py | google-cloud-sdk/lib/surface/app/logs/read.py | google-cloud-sdk/lib/surface/functions/logs/read.py | google-cloud-sdk/lib/surface/run/instances/logs/read.py | google-cloud-sdk/lib/surface/run/jobs/executions/logs/read.py | google-cloud-sdk/lib/surface/run/jobs/logs/read.py | google-cloud-sdk/lib/surface/run/revisions/logs/read.py | google-cloud-sdk/lib/surface/run/services/logs/read.py | google-cloud-sdk/lib/surface/run/worker_pools/logs/read.py | google-cloud-sdk/lib/surface/run/worker_pools/revisions/logs/read.py
same_basename,resource_args.py,3,google-cloud-sdk/lib/googlecloudsdk/command_lib/storage/batch_operations/jobs/resource_args.py | google-cloud-sdk/lib/googlecloudsdk/command_lib/storage/insights/dataset_configs/resource_args.py | google-cloud-sdk/lib/googlecloudsdk/command_lib/storage/insights/inventory_reports/resource_args.py
same_basename,resources.yaml,2,google-cloud-sdk/lib/googlecloudsdk/command_lib/storage/resources.yaml | google-cloud-sdk/lib/googlecloudsdk/command_lib/storage/resources/resources.yaml
same_basename,resources.py,3,google-cloud-sdk/lib/googlecloudsdk/generated_clients/apis/storage/v1/resources.py | google-cloud-sdk/lib/googlecloudsdk/generated_clients/apis/storage/v2/resources.py | google-cloud-sdk/lib/googlecloudsdk/generated_clients/gapic_wrappers/storage/v2/resources.py
same_basename,async_client.py,2,google-cloud-sdk/lib/googlecloudsdk/generated_clients/gapic_clients/storage_v2/services/storage/async_client.py | google-cloud-sdk/lib/googlecloudsdk/generated_clients/gapic_wrappers/storage/v2/async_client.py
same_basename,tail.py,8,google-cloud-sdk/lib/surface/app/logs/tail.py | google-cloud-sdk/lib/surface/run/instances/logs/tail.py | google-cloud-sdk/lib/surface/run/jobs/executions/logs/tail.py | google-cloud-sdk/lib/surface/run/jobs/logs/tail.py | google-cloud-sdk/lib/surface/run/revisions/logs/tail.py | google-cloud-sdk/lib/surface/run/services/logs/tail.py | google-cloud-sdk/lib/surface/run/worker_pools/logs/tail.py | google-cloud-sdk/lib/surface/run/worker_pools/revisions/logs/tail.py
same_basename,delete.py,13,google-cloud-sdk/lib/surface/composer/environments/storage/dags/delete.py | google-cloud-sdk/lib/surface/composer/environments/storage/data/delete.py | google-cloud-sdk/lib/surface/composer/environments/storage/plugins/delete.py | google-cloud-sdk/lib/surface/logging/logs/delete.py | google-cloud-sdk/lib/surface/storage/batch_operations/jobs/delete.py | google-cloud-sdk/lib/surface/storage/buckets/delete.py | google-cloud-sdk/lib/surface/storage/buckets/notifications/delete.py | google-cloud-sdk/lib/surface/storage/delete.py | google-cloud-sdk/lib/surface/storage/folders/delete.py | google-cloud-sdk/lib/surface/storage/hmac/delete.py | google-cloud-sdk/lib/surface/storage/insights/dataset_configs/delete.py | google-cloud-sdk/lib/surface/storage/insights/inventory_reports/delete.py | google-cloud-sdk/lib/surface/storage/managed_folders/delete.py
same_basename,export.py,3,google-cloud-sdk/lib/surface/composer/environments/storage/dags/export.py | google-cloud-sdk/lib/surface/composer/environments/storage/data/export.py | google-cloud-sdk/lib/surface/composer/environments/storage/plugins/export.py
same_basename,import.py,3,google-cloud-sdk/lib/surface/composer/environments/storage/dags/import.py | google-cloud-sdk/lib/surface/composer/environments/storage/data/import.py | google-cloud-sdk/lib/surface/composer/environments/storage/plugins/import.py
same_basename,list.py,22,google-cloud-sdk/lib/surface/composer/environments/storage/dags/list.py | google-cloud-sdk/lib/surface/composer/environments/storage/data/list.py | google-cloud-sdk/lib/surface/composer/environments/storage/plugins/list.py | google-cloud-sdk/lib/surface/dataflow/logs/list.py | google-cloud-sdk/lib/surface/logging/logs/list.py | google-cloud-sdk/lib/surface/storage/batch_operations/bucket_operations/list.py | google-cloud-sdk/lib/surface/storage/batch_operations/jobs/list.py | google-cloud-sdk/lib/surface/storage/buckets/anywhere_caches/list.py | google-cloud-sdk/lib/surface/storage/buckets/list.py | google-cloud-sdk/lib/surface/storage/buckets/notifications/list.py | google-cloud-sdk/lib/surface/storage/folders/list.py | google-cloud-sdk/lib/surface/storage/hmac/list.py | google-cloud-sdk/lib/surface/storage/insights/dataset_configs/list.py | google-cloud-sdk/lib/surface/storage/insights/inventory_reports/details/list.py | google-cloud-sdk/lib/surface/storage/insights/inventory_reports/list.py | google-cloud-sdk/lib/surface/storage/insights/operations/list.py | google-cloud-sdk/lib/surface/storage/intelligence_findings/list.py | google-cloud-sdk/lib/surface/storage/intelligence_findings/revisions/list.py | google-cloud-sdk/lib/surface/storage/list.py | google-cloud-sdk/lib/surface/storage/managed_folders/list.py | google-cloud-sdk/lib/surface/storage/objects/list.py | google-cloud-sdk/lib/surface/storage/operations/list.py
same_basename,describe.py,17,google-cloud-sdk/lib/surface/storage/batch_operations/bucket_operations/describe.py | google-cloud-sdk/lib/surface/storage/batch_operations/jobs/describe.py | google-cloud-sdk/lib/surface/storage/buckets/anywhere_caches/describe.py | google-cloud-sdk/lib/surface/storage/buckets/describe.py | google-cloud-sdk/lib/surface/storage/buckets/notifications/describe.py | google-cloud-sdk/lib/surface/storage/folders/describe.py | google-cloud-sdk/lib/surface/storage/hmac/describe.py | google-cloud-sdk/lib/surface/storage/insights/dataset_configs/describe.py | google-cloud-sdk/lib/surface/storage/insights/inventory_reports/describe.py | google-cloud-sdk/lib/surface/storage/insights/inventory_reports/details/describe.py | google-cloud-sdk/lib/surface/storage/insights/operations/describe.py | google-cloud-sdk/lib/surface/storage/intelligence_configs/describe.py | google-cloud-sdk/lib/surface/storage/intelligence_findings/describe.py | google-cloud-sdk/lib/surface/storage/intelligence_findings/revisions/describe.py | google-cloud-sdk/lib/surface/storage/managed_folders/describe.py | google-cloud-sdk/lib/surface/storage/objects/describe.py | google-cloud-sdk/lib/surface/storage/operations/describe.py
same_basename,cancel.py,3,google-cloud-sdk/lib/surface/storage/batch_operations/jobs/cancel.py | google-cloud-sdk/lib/surface/storage/insights/operations/cancel.py | google-cloud-sdk/lib/surface/storage/operations/cancel.py
same_basename,create.py,9,google-cloud-sdk/lib/surface/storage/batch_operations/jobs/create.py | google-cloud-sdk/lib/surface/storage/buckets/anywhere_caches/create.py | google-cloud-sdk/lib/surface/storage/buckets/create.py | google-cloud-sdk/lib/surface/storage/buckets/notifications/create.py | google-cloud-sdk/lib/surface/storage/folders/create.py | google-cloud-sdk/lib/surface/storage/hmac/create.py | google-cloud-sdk/lib/surface/storage/insights/dataset_configs/create.py | google-cloud-sdk/lib/surface/storage/insights/inventory_reports/create.py | google-cloud-sdk/lib/surface/storage/managed_folders/create.py
same_basename,add_iam_policy_binding.py,3,google-cloud-sdk/lib/surface/storage/buckets/add_iam_policy_binding.py | google-cloud-sdk/lib/surface/storage/managed_folders/add_iam_policy_binding.py | google-cloud-sdk/lib/surface/storage/objects/add_iam_policy_binding.py
same_basename,disable.py,2,google-cloud-sdk/lib/surface/storage/buckets/anywhere_caches/disable.py | google-cloud-sdk/lib/surface/storage/intelligence_configs/disable.py
same_basename,update.py,7,google-cloud-sdk/lib/surface/storage/buckets/anywhere_caches/update.py | google-cloud-sdk/lib/surface/storage/buckets/update.py | google-cloud-sdk/lib/surface/storage/hmac/update.py | google-cloud-sdk/lib/surface/storage/insights/dataset_configs/update.py | google-cloud-sdk/lib/surface/storage/insights/inventory_reports/update.py | google-cloud-sdk/lib/surface/storage/intelligence_configs/update.py | google-cloud-sdk/lib/surface/storage/objects/update.py
same_basename,get_iam_policy.py,3,google-cloud-sdk/lib/surface/storage/buckets/get_iam_policy.py | google-cloud-sdk/lib/surface/storage/managed_folders/get_iam_policy.py | google-cloud-sdk/lib/surface/storage/objects/get_iam_policy.py
same_basename,remove_iam_policy_binding.py,3,google-cloud-sdk/lib/surface/storage/buckets/remove_iam_policy_binding.py | google-cloud-sdk/lib/surface/storage/managed_folders/remove_iam_policy_binding.py | google-cloud-sdk/lib/surface/storage/objects/remove_iam_policy_binding.py
same_basename,set_iam_policy.py,3,google-cloud-sdk/lib/surface/storage/buckets/set_iam_policy.py | google-cloud-sdk/lib/surface/storage/managed_folders/set_iam_policy.py | google-cloud-sdk/lib/surface/storage/objects/set_iam_policy.py
same_basename,test_layer1.py,2,google-cloud-sdk/platform/gsutil/gslib/vendored/boto/tests/integration/logs/test_layer1.py | google-cloud-sdk/platform/gsutil/gslib/vendored/boto/tests/unit/logs/test_layer1.py
same_basename,api_smoke_results.json,2,reports/archive/dashboard_browser_api_proof/20260608/api_smoke_results.json | reports/latest/dashboard_browser_api_proof/api_smoke_results.json
same_basename,backtest_ui_proof.md,2,reports/archive/dashboard_browser_api_proof/20260608/backtest_ui_proof.md | reports/latest/dashboard_browser_api_proof/backtest_ui_proof.md
same_basename,dashboard_browser_api_summary.md,2,reports/archive/dashboard_browser_api_proof/20260608/dashboard_browser_api_summary.md | reports/latest/dashboard_browser_api_proof/dashboard_browser_api_summary.md
same_basename,frontend_build.log,2,reports/archive/dashboard_browser_api_proof/20260608/frontend_build.log | reports/latest/dashboard_browser_api_proof/frontend_build.log
same_basename,localhost_reference_scan.txt,2,reports/archive/dashboard_browser_api_proof/20260608/localhost_reference_scan.txt | reports/latest/dashboard_browser_api_proof/localhost_reference_scan.txt
same_basename,npm_audit_summary.md,2,reports/archive/dashboard_browser_api_proof/20260608/npm_audit_summary.md | reports/latest/dashboard_browser_api_proof/npm_audit_summary.md
same_basename,screenshot_manifest.json,2,reports/archive/dashboard_browser_api_proof/20260608/screenshot_manifest.json | reports/latest/dashboard_browser_api_proof/screenshot_manifest.json
same_basename,status.json,6,reports/archive/dashboard_browser_api_proof/20260608/status.json | reports/archive/lifecycle_reconciliation/20260608/status.json | reports/archive/performance_benchmark/20260608/status.json | reports/latest/dashboard_browser_api_proof/status.json | reports/latest/lifecycle_reconciliation/status.json | reports/latest/performance_benchmark/status.json
same_basename,commands_run.md,2,reports/archive/implementation_batch/20260608/commands_run.md | reports/latest/implementation_batch/commands_run.md
same_basename,evidence_manifest.json,2,reports/archive/implementation_batch/20260608/evidence_manifest.json | reports/latest/implementation_batch/evidence_manifest.json
same_basename,files_changed.md,2,reports/archive/implementation_batch/20260608/files_changed.md | reports/latest/implementation_batch/files_changed.md
same_basename,implementation_summary.md,2,reports/archive/implementation_batch/20260608/implementation_summary.md | reports/latest/implementation_batch/implementation_summary.md
same_basename,search_findings.json,2,reports/archive/implementation_batch/20260608/search_findings.json | reports/latest/implementation_batch/search_findings.json
same_basename,search_findings.md,2,reports/archive/implementation_batch/20260608/search_findings.md | reports/latest/implementation_batch/search_findings.md
same_basename,status_matrix.json,2,reports/archive/implementation_batch/20260608/status_matrix.json | reports/latest/implementation_batch/status_matrix.json
same_basename,unresolved_blockers.md,2,reports/archive/implementation_batch/20260608/unresolved_blockers.md | reports/latest/implementation_batch/unresolved_blockers.md
same_basename,lifecycle_summary.md,2,reports/archive/lifecycle_reconciliation/20260608/lifecycle_summary.md | reports/latest/lifecycle_reconciliation/lifecycle_summary.md
same_basename,mismatch_report.md,2,reports/archive/lifecycle_reconciliation/20260608/mismatch_report.md | reports/latest/lifecycle_reconciliation/mismatch_report.md
same_basename,open_closed_positions.csv,2,reports/archive/lifecycle_reconciliation/20260608/open_closed_positions.csv | reports/latest/lifecycle_reconciliation/open_closed_positions.csv
same_basename,pnl_reconciliation.csv,2,reports/archive/lifecycle_reconciliation/20260608/pnl_reconciliation.csv | reports/latest/lifecycle_reconciliation/pnl_reconciliation.csv
same_basename,signal_order_trade_join.csv,2,reports/archive/lifecycle_reconciliation/20260608/signal_order_trade_join.csv | reports/latest/lifecycle_reconciliation/signal_order_trade_join.csv
same_basename,source_manifest.json,4,reports/archive/lifecycle_reconciliation/20260608/source_manifest.json | reports/archive/performance_benchmark/20260608/source_manifest.json | reports/latest/lifecycle_reconciliation/source_manifest.json | reports/latest/performance_benchmark/source_manifest.json
same_basename,benchmark_summary.md,2,reports/archive/performance_benchmark/20260608/benchmark_summary.md | reports/latest/performance_benchmark/benchmark_summary.md
same_basename,missed_opportunities.md,2,reports/archive/performance_benchmark/20260608/missed_opportunities.md | reports/latest/performance_benchmark/missed_opportunities.md
same_basename,prediction_vs_actual.csv,2,reports/archive/performance_benchmark/20260608/prediction_vs_actual.csv | reports/latest/performance_benchmark/prediction_vs_actual.csv
same_basename,top_mover_match.csv,2,reports/archive/performance_benchmark/20260608/top_mover_match.csv | reports/latest/performance_benchmark/top_mover_match.csv
same_basename,cleanup_summary.json,2,reports/archive/repo_authority/20260608/cleanup_summary.json | reports/latest/repo_authority/cleanup_summary.json
same_basename,dependency_trace.md,2,reports/archive/repo_authority/20260608/dependency_trace.md | reports/latest/repo_authority/dependency_trace.md
same_basename,duplicate_candidates.csv,2,reports/archive/repo_authority/20260608/duplicate_candidates.csv | reports/latest/repo_authority/duplicate_candidates.csv
same_basename,file_hashes.csv,2,reports/archive/repo_authority/20260608/file_hashes.csv | reports/latest/repo_authority/file_hashes.csv
same_basename,file_inventory.csv,2,reports/archive/repo_authority/20260608/file_inventory.csv | reports/latest/repo_authority/file_inventory.csv
same_basename,quarantine_plan.md,2,reports/archive/repo_authority/20260608/quarantine_plan.md | reports/latest/repo_authority/quarantine_plan.md
same_basename,runtime_authority_map.md,2,reports/archive/repo_authority/20260608/runtime_authority_map.md | reports/latest/repo_authority/runtime_authority_map.md
same_basename,stale_backup_candidates.csv,2,reports/archive/repo_authority/20260608/stale_backup_candidates.csv | reports/latest/repo_authority/stale_backup_candidates.csv
same_basename,summary.json,11,reports/latest/analyzer_paper_lifecycle_proof/summary.json | reports/latest/dashboard_truth_proof/summary.json | reports/latest/deployment_and_endpoint_proof/summary.json | reports/latest/fresh_data_automation_proof/summary.json | reports/latest/full_repo_verification/summary.json | reports/latest/model_training_load_proof/summary.json | reports/latest/recent_backtest_walkforward_proof/summary.json | reports/latest/repo_authority_and_duplicate_control/summary.json | reports/latest/root_clutter_reference_proof/summary.json | reports/latest/safety_and_secrets/summary.json | reports/latest/ultra_dashboard_tabs_proof/summary.json
same_basename,vite_preview.log,2,reports/latest/dashboard_ultra_readiness/vite_preview.log | reports/latest/ultra_dashboard_tabs_proof/vite_preview.log
same_basename,00_summary.md,4,reports/latest/full_repo_scan_clean/00_summary.md | reports/latest/full_trading_pipeline_readiness/00_summary.md | reports/latest/model_backtest_readiness/00_summary.md | reports/latest/repo_cleanliness/00_summary.md
same_basename,performance_metrics.py,2,scripts/performance_metrics.py | src/analytics/performance_metrics.py
same_basename,start_backend.bat.bak_20260225_005921,2,scripts/start_backend.bat.bak_20260225_005921 | start_backend.bat.bak_20260225_005921
same_basename,market_result_validator.py,2,src/ranking/market_result_validator.py | src/validation/market_result_validator.py
same_sha256,3c101a62f3049463d4d2cadbaa7385f35c2c35db5ef5a097bf5d7dd6a513529e,2,AI_AGENT_RUNS/deep_precheck/05_git_status.txt | AI_AGENT_RUNS/pr21_precheck/01_git_status.txt
same_sha256,13a517bd98c9127f1520567ea912ae38be0c97974a5eae0fa3af83655b7ae1df,2,AI_AGENT_RUNS/deep_precheck/06_output_schema_preview.txt | AI_AGENT_RUNS/pr21_precheck/02_output_schema_preview.txt
same_sha256,e3b0c44298fc1c149afbf4c8996fb92427ae41e4649b934ca495991b7852b855,463,ai_scan.txt | config/__init__.py | core/__init__.py | core/brokers/__init__.py | core/brokers/dhan/init_legacy.py | core/data/__init__ - Copy - Copy - Copy (3).py | core/data/__init__.py | core/engine/__init__.py | core/engine/system3_phase368_broker_latency_monitor.py | core/models/__init__.py | core/utils/__init__.py | desktop_app/npm | desktop_app/system3-ultra-desktop@1.0.0 | google-cloud-sdk/lib/googlecloudsdk/api_lib/storage/__init__.py | google-cloud-sdk/lib/googlecloudsdk/api_lib/storage/gcs_grpc/__init__.py | google-cloud-sdk/lib/googlecloudsdk/api_lib/storage/gcs_grpc_bidi_streaming/__init__.py | google-cloud-sdk/lib/googlecloudsdk/api_lib/storage/gcs_json/__init__.py | google-cloud-sdk/lib/googlecloudsdk/api_lib/storage/gcs_xml/__init__.py | google-cloud-sdk/lib/googlecloudsdk/api_lib/storage/insights/__init__.py | google-cloud-sdk/lib/googlecloudsdk/api_lib/storage/s3_xml/__init__.py | google-cloud-sdk/lib/googlecloudsdk/command_lib/logs/__init__.py | google-cloud-sdk/lib/googlecloudsdk/command_lib/storage/__init__.py | google-cloud-sdk/lib/googlecloudsdk/command_lib/storage/batch_operations/__init__.py | google-cloud-sdk/lib/googlecloudsdk/command_lib/storage/batch_operations/jobs/__init__.py | google-cloud-sdk/lib/googlecloudsdk/command_lib/storage/diagnose/__init__.py | google-cloud-sdk/lib/googlecloudsdk/command_lib/storage/insights/__init__.py | google-cloud-sdk/lib/googlecloudsdk/command_lib/storage/insights/dataset_configs/__init__.py | google-cloud-sdk/lib/googlecloudsdk/command_lib/storage/insights/inventory_reports/__init__.py | google-cloud-sdk/lib/googlecloudsdk/command_lib/storage/resources/__init__.py | google-cloud-sdk/lib/googlecloudsdk/command_lib/storage/tasks/__init__.py | google-cloud-sdk/lib/googlecloudsdk/command_lib/storage/tasks/buckets/__init__.py | google-cloud-sdk/lib/googlecloudsdk/command_lib/storage/tasks/buckets/anywhere_caches/__init__.py | google-cloud-sdk/lib/googlecloudsdk/command_lib/storage/tasks/buckets/notifications/__init__.py | google-cloud-sdk/lib/googlecloudsdk/command_lib/storage/tasks/cat/__init__.py | google-cloud-sdk/lib/googlecloudsdk/command_lib/storage/tasks/cp/__init__.py | google-cloud-sdk/lib/googlecloudsdk/command_lib/storage/tasks/ls/__init__.py | google-cloud-sdk/lib/googlecloudsdk/command_lib/storage/tasks/objects/__init__.py | google-cloud-sdk/lib/googlecloudsdk/command_lib/storage/tasks/rm/__init__.py | google-cloud-sdk/platform/gsutil/gslib/vendored/boto/tests/integration/logs/__init__.py | google-cloud-sdk/platform/gsutil/gslib/vendored/boto/tests/unit/logs/__init__.py | logs/2026-06-14.log | reports/latest/dashboard_ultra_readiness/browser_smoke_curl.err | reports/latest/full_repo_verification/commands/frontend_lint_if_present.stderr.txt | reports/latest/full_repo_verification/commands/frontend_lint_if_present.stdout.txt | reports/latest/full_repo_verification/commands/frontend_package_scripts.stderr.txt | reports/latest/full_repo_verification/commands/frontend_test_if_present.stderr.txt | reports/latest/full_repo_verification/commands/frontend_test_if_present.stdout.txt | reports/latest/full_repo_verification/commands/git_last_commit.stderr.txt | reports/latest/full_repo_verification/commands/git_status_short.stderr.txt | reports/latest/full_repo_verification/commands/master_orchestrator_dry_run.stderr.txt
same_sha256,5d0586abf24c1288b38ff70d37dd5625d1dc032e3ce7871600c775daa2343c41,2,app_self_test_component.tsx | dashboard/frontend/src/components/AppSelfTest.tsx
same_sha256,0969728a6fdda0970cf2fd9a01f226afe43f4f2dec5ec08dd2b98e151532732e,2,archive/root_clutter/GENESIS_MAGIC_ENV_FIX.bat | archive/root_clutter/GENESIS_MAGIC_ENV_FIX.md
same_sha256,d945482e91f065ec338b00c4a433ddb359cf6bcb3eb8c99fb6256c6e8fbc3e35,2,config/kill_switch.json | kill_switch.json
same_sha256,edd5ad41e3148535fcc7130a07b8f3b436f7d7c186f4ab153490a3c3a428a264,2,config/runtime_flags.json | runtime_flags.json
same_sha256,278608c6efe99c86dc964fe93a894fef0220e6b2934634b37e3d8c83e4d8bfbc,2,config/system3_config.json | core/engine/config/system3_config.json
same_sha256,69f3baeb3392f78bcb02387d67e01d1abb48f981b5400076f37f4a24bbe9b1a8,2,docs/Phases 311–330 = Integrity + Anti-corruption + Observability layer for System3.md | docs/SYSTEM3_WARN_PHASES_ANALYSIS_20251205.md
same_sha256,d12c7450ee710beb4ca391b4d36846c211d85ed0123cb7d8e1d253240ddba204,2,docs/system3_phases_101_130_final_test_results - Copy.md | docs/system3_phases_101_130_final_test_results.md
same_sha256,27ebf77dd95042a80dd1e650fd4d58a6ea06b855581d5a98ebe41050d3174b79,2,google-cloud-sdk/lib/googlecloudsdk/generated_clients/apis/storage/v1/__init__.py | google-cloud-sdk/lib/googlecloudsdk/generated_clients/apis/storage/v2/__init__.py
same_sha256,01ba4719c80b6fe911b091a7c05124b64eeece964e09c058ef8f9805daca546b,2,google-cloud-sdk/lib/googlecloudsdk/generated_clients/gapic_wrappers/storage/__init__.py | google-cloud-sdk/lib/googlecloudsdk/generated_clients/gapic_wrappers/storage/v2/__init__.py
same_sha256,dd81bed04904c676e63d8a4466a237ec01bc4ae0264b35c72995937094d7588e,2,outputs/runtime_state.json | outputs/state_snapshots/state_6786.json
same_sha256,ea9802378c7b6672d9f7e847b446e90230ed4daa5b43d55cca766bce8b3ee596,2,reports/archive/dashboard_browser_api_proof/20260608/api_smoke_results.json | reports/latest/dashboard_browser_api_proof/api_smoke_results.json
same_sha256,5cdbaead82b5a9ec12d2d76e81f22812d2e65a071045174a8230f4e4b692bd44,2,reports/archive/dashboard_browser_api_proof/20260608/backtest_ui_proof.md | reports/latest/dashboard_browser_api_proof/backtest_ui_proof.md
same_sha256,eb5b2c49c308648b0f970ed8ab9fa130127a328b346ad9217490f0b3db2075c1,2,reports/archive/dashboard_browser_api_proof/20260608/dashboard_browser_api_summary.md | reports/latest/dashboard_browser_api_proof/dashboard_browser_api_summary.md
same_sha256,9a888439984943a835e75bcdef935938d6e2ad6756b54e9aa538e6adda0d9876,2,reports/archive/dashboard_browser_api_proof/20260608/frontend_build.log | reports/latest/dashboard_browser_api_proof/frontend_build.log
same_sha256,01c49791f092c98f4f721a32982d2f71e31238b819cdc09496406a4d4f3b71b4,2,reports/archive/dashboard_browser_api_proof/20260608/localhost_reference_scan.txt | reports/latest/dashboard_browser_api_proof/localhost_reference_scan.txt
same_sha256,70885620d3293fd17f618a7b7293fdfedb0f2c0acae178f403104ac1cae9798d,2,reports/archive/dashboard_browser_api_proof/20260608/npm_audit_summary.md | reports/latest/dashboard_browser_api_proof/npm_audit_summary.md
same_sha256,f325b5591347373d5c9f76d121ffc9f688030d9900212dc04d9db32486e76f26,2,reports/archive/dashboard_browser_api_proof/20260608/screenshot_manifest.json | reports/latest/dashboard_browser_api_proof/screenshot_manifest.json
same_sha256,2d275864162f7641e5c8503607f5dccd84de3c60913dc4cfa0b688bdf39ae445,2,reports/archive/dashboard_browser_api_proof/20260608/status.json | reports/latest/dashboard_browser_api_proof/status.json
same_sha256,f5af19c984c3e627eb0b8e07bea789b6174ac9e028e82f09b11f72c8352d0a15,2,reports/archive/implementation_batch/20260608/commands_run.md | reports/latest/implementation_batch/commands_run.md
same_sha256,84148c15750922e5f83189737419a1d6b6b2c1d22c1d5d6d6e728eeb2ddf6dd3,2,reports/archive/implementation_batch/20260608/evidence_manifest.json | reports/latest/implementation_batch/evidence_manifest.json
same_sha256,17c6ce61051ec717e75d5a89863a654472df54fcbb7c71e2a6676f096354cd46,2,reports/archive/implementation_batch/20260608/files_changed.md | reports/latest/implementation_batch/files_changed.md
same_sha256,e733a0bdcb704aaa3e5a2f8561df4e295b7e88a1d29ae3f3df3030d4cab49e08,2,reports/archive/implementation_batch/20260608/implementation_summary.md | reports/latest/implementation_batch/implementation_summary.md
same_sha256,9d9a2b7ee66a9732daeb5ebb2208577e2c2b0007bd7585ed6b71eff66de0980c,2,reports/archive/implementation_batch/20260608/search_findings.json | reports/latest/implementation_batch/search_findings.json
same_sha256,8b3b8ff87b8f891daff2f12f904885de1519630602c9fb89bd32ae422a957421,2,reports/archive/implementation_batch/20260608/search_findings.md | reports/latest/implementation_batch/search_findings.md
same_sha256,e4791886a0dca883d7e1811c1c7e8ed86cdde151302d965ee308476419d1ae50,2,reports/archive/implementation_batch/20260608/status_matrix.json | reports/latest/implementation_batch/status_matrix.json
same_sha256,6baaea5b308da420fde9356b7c7a5e185da524de115ad6227c2ca8c9a3aaf47e,2,reports/archive/implementation_batch/20260608/unresolved_blockers.md | reports/latest/implementation_batch/unresolved_blockers.md
same_sha256,c96882f45a3107d03cbd07b60f9afa253d877fc63db52adc99cda884a8145fc5,2,reports/archive/lifecycle_reconciliation/20260608/lifecycle_summary.md | reports/latest/lifecycle_reconciliation/lifecycle_summary.md
same_sha256,16444e88c4307fff0128c06ffb01c12e291f8c6850d31b1355b20eeac18a7b78,2,reports/archive/lifecycle_reconciliation/20260608/mismatch_report.md | reports/latest/lifecycle_reconciliation/mismatch_report.md
same_sha256,9500e8fbdb408bdbc94aaf0900302ff8e4b650837384e5b4cd6ef4a2ddd8e997,2,reports/archive/lifecycle_reconciliation/20260608/open_closed_positions.csv | reports/latest/lifecycle_reconciliation/open_closed_positions.csv
same_sha256,e7b5a97edfa05473f79fce301e7b0361e6eeb7e27ecdbaf14eae6e516ca42f65,2,reports/archive/lifecycle_reconciliation/20260608/pnl_reconciliation.csv | reports/latest/lifecycle_reconciliation/pnl_reconciliation.csv
same_sha256,6792e2ddc6cceaf95e46afa3f4439e8e244ad8a02bf020731257661ed8a4391b,2,reports/archive/lifecycle_reconciliation/20260608/signal_order_trade_join.csv | reports/latest/lifecycle_reconciliation/signal_order_trade_join.csv
same_sha256,d9ab65b8522b9df31a76267a4d9ad566c0351ff0ea80174722f2eb106e3d09f1,2,reports/archive/lifecycle_reconciliation/20260608/source_manifest.json | reports/latest/lifecycle_reconciliation/source_manifest.json
same_sha256,1875280fb0d210d2a99c843c27f69023ce4dc30becd40abea7e7649f92331ae7,2,reports/archive/lifecycle_reconciliation/20260608/status.json | reports/latest/lifecycle_reconciliation/status.json
same_sha256,5f41cf4c9ac451e7cb2a213f26119fa025761f95c7527a7569be28d5a5d60bab,2,reports/archive/performance_benchmark/20260608/benchmark_summary.md | reports/latest/performance_benchmark/benchmark_summary.md
same_sha256,a65b01560d2b7dbe8f0f555b21da536ffc06a9091f011c3790fde3f996859759,2,reports/archive/performance_benchmark/20260608/missed_opportunities.md | reports/latest/performance_benchmark/missed_opportunities.md
same_sha256,5b98d2440f796ca21382a5abd2627eca190340622a06cdcbb85621594e0192ca,2,reports/archive/performance_benchmark/20260608/prediction_vs_actual.csv | reports/latest/performance_benchmark/prediction_vs_actual.csv
same_sha256,ad73b6f4f991846783aeac57625761380e4f2389f219e08734450865f7738dee,2,reports/archive/performance_benchmark/20260608/source_manifest.json | reports/latest/performance_benchmark/source_manifest.json
same_sha256,219e6c9a9e1c583227a078b9311d2a813db15ae23e2abd44aab16d50c38c4858,2,reports/archive/performance_benchmark/20260608/status.json | reports/latest/performance_benchmark/status.json
same_sha256,e4f9308a96a0049864211f334d757e3b660afd1b315336f5f8badaf675aac453,2,reports/archive/performance_benchmark/20260608/top_mover_match.csv | reports/latest/performance_benchmark/top_mover_match.csv
same_sha256,3ffc0adddfe3c82bb108e16fb556849fb6be20290cc5f69c12f1cf97b891d761,2,reports/archive/repo_authority/20260608/cleanup_summary.json | reports/latest/repo_authority/cleanup_summary.json
same_sha256,462f7d89ac60f185c4fc5b64bc72d46f8a2d023e198bbaaf7b369812afd141ce,2,reports/archive/repo_authority/20260608/dependency_trace.md | reports/latest/repo_authority/dependency_trace.md
same_sha256,aed410a408a420879bd32947feddee93c0f0484634de7309e8ec5cd5d4193f5b,2,reports/archive/repo_authority/20260608/duplicate_candidates.csv | reports/latest/repo_authority/duplicate_candidates.csv
same_sha256,5b49e90bf654aa7c950bfdd13901a05115573ef80b90ddcf61d09efc1ea6f6a6,2,reports/archive/repo_authority/20260608/file_hashes.csv | reports/latest/repo_authority/file_hashes.csv
same_sha256,d23ce2cc35663eff6708379ad68c14e934fabf62af0325abaac68d68b1471ba7,2,reports/archive/repo_authority/20260608/file_inventory.csv | reports/latest/repo_authority/file_inventory.csv
same_sha256,e7beba9bde806765b8cc50c5185bc8384ab137da6ff815404dd11e8113509e73,2,reports/archive/repo_authority/20260608/quarantine_plan.md | reports/latest/repo_authority/quarantine_plan.md
same_sha256,e05d6fa32c1c869dd420ee46c306e80acac66d2e4935b6092da54bb5481e94fc,2,reports/archive/repo_authority/20260608/runtime_authority_map.md | reports/latest/repo_authority/runtime_authority_map.md
same_sha256,def53cce6e8e06a9d976478c700046baffa9f672848cd11ecdb67702c85e9e8d,2,reports/archive/repo_authority/20260608/stale_backup_candidates.csv | reports/latest/repo_authority/stale_backup_candidates.csv
same_sha256,7b027be248c06df802d24d55fec4f615e9be3ab73e1b61e19b07894aa77f1731,2,reports/latest/full_repo_scan_clean/03_forbidden_secret_style_files.txt | reports/latest/repo_cleanliness/02_forbidden_secret_style_files.txt
